# aris_PSv14k1_v3.1.0, 30 March 2022,,,,,,,,,,,,,,,,,,,,,,,,,,,,,,,,,,,,,,,,,,,,,,,,,,,,,
# Preseparator solution with no compression (k=1) and 2-doublets in place of CIQT4,,,,,,,,,,,,,,,,,,,,,,,,,,,,,,,,,,,,,,,,,,,,,,,,,,,,,,
#   WIQ4,5,7 swap occured where WIQ7 has sext and oct off (i.e. not allowed),,,,,,,,,,,,,,,,,,,,,,,,,,,,,,,,,,,,,,,,,,,,,,,,,,,,
#,,,,,,,,,,,,,,,,,,,,,,,,,,,,,,,,,,,,,,,,,,,,,,,,,,,,,,
# Below are field gradients for each  magnetic beam rigidity (Brho),,,,,,,,,,,,,,,,,,,,,,,,,,,,,,,,,,,,,,,,,,,,,,,,,,,,,,
#,,,,,,,,,,,,,,,,,,,,,,,,,,,,,,,,,,,,,,,,,,,,,,,,,,,,,,
#,,,,,,,,,,,,,,,,,,,,,,,,,,,,,,,,,,,,,,,,,,,,,,,,,,,,,,
# Format of data described as follows:,,,,,,,,,,,,,,,,,,,,,,,,,,,,,,,,,,,,,,,,,,,,,,,,,,,,,,
#  (Lines starting with # are comments. Values are comma delimited.),,,,,,,,,,,,,,,,,,,,,,,,,,,,,,,,,,,,,,,,,,,,,,,,,,,,,,
# First non-comment row is string that signifies format version,,,,,,,,,,,,,,,,,,,,,,,,,,,,,,,,,,,,,,,,,,,,,,,,,,,,,,
# Next row has column names and Brho values [T-m] corresponding to field settings,,,,,,,,,,,,,,,,,,,,,,,,,,,,,,,,,,,,,,,,,,,,,,,,,,,,,,
# Rows that follow have element name; radii R [m]; n-multipole order; gradients at Brho1; Brho2; etc.,,,,,,,,,,,,,,,,,,,,,,,,,,,,,,,,,,,,,,,,,,,,,,,,,,,,,,
# Definition of gradient:  GRAD = B-field/R^(n-1)  =>  field gradient [T/m^(n-1)]; n=1 dipole; n=2 quad; etc.,,,,,,,,,,,,,,,,,,,,,,,,,,,,,,,,,,,,,,,,,,,,,,,,,,,,,,
#,,,,,,,,,,,,,,,,,,,,,,,,,,,,,,,,,,,,,,,,,,,,,,,,,,,,,,
#       R = bend radius for n=1; multipole reference radius R for n>1   (referred to as pole-tip radius in COSY manual),,,,,,,,,,,,,,,,,,,,,,,,,,,,,,,,,,,,,,,,,,,,,,,,,,,,,,
# name; radius; multipole order; Brho1; Brho2; etc.,,,,,,,,,,,,,,,,,,,,,,,,,,,,,,,,,,,,,,,,,,,,,,,,,,,,,,
#,,,,,,,,,,,,,,,,,,,,,,,,,,,,,,,,,,,,,,,,,,,,,,,,,,,,,,
#-----,,,,,,,,,,,,,,,,,,,,,,,,,,,,,,,,,,,,,,,,,,,,,,,,,,,,,,
FORMAT_V1,,,,,,,,,,,,,,,,,,,,,,,,,,,,,,,GRAD â†’ I,,,,,,,,,,,,,,,,,,,,,,,
name,R[m],n_order,Field Name,0.25,0.5,0.75,1,1.25,1.5,1.75,2,2.25,2.5,2.75,3,3.25,3.5,3.75,4,4.25,4.5,4.75,5,5.25,5.5,5.75,6,,,name,0.25,0.5,0.75,1,1.25,1.5,1.75,2,2.25,2.5,2.75,3,3.25,3.5,3.75,4,4.25,4.5,4.75,5,5.25,5.5,5.75,6
FS_F1S1:Q_D1013,0.104,2,B2,0.297703,0.595337,0.892912,1.190404,1.48788,1.785325,2.082746,2.38016,2.677567,2.974981,3.272413,3.569847,3.867334,4.164882,4.462495,4.760189,5.057987,5.35593,5.654042,5.9524,6.251125,6.55037,6.850422,7.151692,,,FS_F1S1:Q_D1013,19.6556829979967,39.3399574384819,59.085525324526,78.8929098176086,98.735508813864,118.584518924307,138.436628347526,158.296456171061,178.167488180615,198.054146194363,217.959952291232,237.882849783672,257.824009627448,277.781724596608,297.754017545462,317.740572266014,337.746363061608,357.7792695417,377.846052506083,397.957072709555,418.124965220687,438.360513433412,458.682406616951,479.122741890816
FS_F1S1:Q_D1024,0.13,2,B2,-0.389559,-0.779439,-1.166177,-1.555452,-1.944965,-2.334402,-2.724262,-3.113792,-3.507105,-3.897796,-4.288723,-4.679909,-5.071344,-5.463065,-5.856038,-6.249758,-6.645522,-7.043845,-7.446968,-7.851424,-8.261341,-8.673909,-9.09052,-9.509689,,,FS_F1S1:Q_D1024,-9.92821698720024,-19.9779544959699,-30.0212634364916,-40.1311733895502,-50.2163000733405,-60.2786979945477,-70.3432248635513,-80.4002559031429,-90.5579999048028,-100.651256676844,-110.754157443152,-120.869744415463,-131.001990384739,-141.156154084476,-151.358328477281,-161.586867815164,-171.865050273629,-182.198503136376,-192.669180013344,-203.231181715882,-214.038665248747,-225.038037773967,-236.246423064625,-247.60047626466
FS_F1S1:S_D1024,0.13,3,B3,-0.161161,-0.322321,-0.483482,-0.644642,-0.805803,-0.966963,-1.128124,-1.289284,-1.450445,-1.611605,-1.772766,-1.933926,-2.095087,-2.256248,-2.417408,-2.578569,-2.739729,-2.90089,-3.06205,-3.223211,-3.384371,-3.545532,-3.706692,-3.867853,,,FS_F1S1:S_D1024,-0.79150018705341,-1.58376791583316,-2.37758547616182,-3.17371546817055,-3.97294022961271,-4.77602229351637,-5.58347374851255,-6.39464135083904,-7.2085886622696,-8.02435908273353,-8.84101622910829,-9.65760356406664,-10.4734198540263,-11.2884888746464,-12.1029797662838,-12.917076828758,-13.7309441496892,-14.5447658853404,-15.3586716636319,-16.1727318093315,-16.9869852195007,-17.8014909989596,-18.6162880392394,-19.4314349811209
FS_F1S1:OCT_D1024,0.13,4,B4,0.094694,0.189388,0.284082,0.378777,0.473471,0.568165,0.662859,0.757553,0.852247,0.946941,1.041635,1.13633,1.231024,1.325718,1.420412,1.515106,1.6098,1.704494,1.799188,1.893883,1.988577,2.083271,2.177965,2.272659,,,FS_F1S1:OCT_D1024,0.0573353977213714,0.114675568228694,0.17202528430792,0.229389924620606,0.286773050428301,0.344180040216156,0.401615666770122,0.45908470287615,0.516591921320191,0.574142094888197,0.631739996366119,0.689391007641264,0.747098683926902,0.804868406530712,0.862704948238646,0.920613081836656,0.978597580110693,1.03666321584671,1.09481476183065,1.15305760640133,1.21139529227224,1.26983320679933,1.32837612276856,1.38702881296588
FS_F1S1:Q_D1035,0.13,2,B2,0.255087,0.510293,0.7658,1.018183,1.272998,1.527889,1.782885,2.037807,2.29252,2.547677,2.802894,3.058187,3.313731,3.572577,3.828128,4.084619,4.34007,4.595319,4.851864,5.106753,5.362898,5.617419,5.876041,6.129857,,,FS_F1S1:Q_D1035,6.4917361127756,13.0276373218655,19.6246705229166,26.1739996029082,32.7983389499246,39.4164225055582,46.022993976954,52.6166174021537,59.1971713510293,65.7848756955777,72.3731433821413,78.9644464909552,85.5635072719495,92.2491979744314,98.8511828642108,105.47890804496,112.081497034369,118.681633011323,125.319266278575,131.919199149142,138.55801558628,145.161927378027,151.877910260575,158.471815758322
FS_F1S1:S_D1035,0.13,3,B3,0.212308,0.424616,0.636924,0.849232,1.06154,1.273848,1.486157,1.698465,1.910773,2.123081,2.335389,2.547697,2.760005,2.972313,3.184621,3.396929,3.609237,3.821545,4.033853,4.246161,4.45847,4.670778,4.883086,5.095394,,,FS_F1S1:S_D1035,1.04282006233944,2.0874061470558,3.13552427652603,4.18894047312704,5.24936834726714,6.31681211635358,7.38923361301576,8.46445878624208,9.54032873719109,10.6150477704971,11.6885225115977,12.7611511570735,13.8333319512369,14.9054579237438,15.977788899982,17.0504436849044,18.1235343039799,19.1971727826757,20.271427413938,21.34619336066,22.4213280132417,23.4966735688525,24.5720874165276,25.6474218820336
FS_F1S1:OCT_D1035,0.13,4,B4,0.111529,0.223057,0.334586,0.446115,0.557644,0.669172,0.780701,0.89223,1.003758,1.115287,1.226816,1.338344,1.449873,1.561402,1.672931,1.784459,1.895988,2.007517,2.119045,2.230574,2.342103,2.453631,2.56516,2.676689,,,FS_F1S1:OCT_D1035,0.067529029520817,0.135065251155868,0.202617673681257,0.270193489316091,0.337800495786826,0.405445884089034,0.473138664956475,0.540886029769261,0.608695167949853,0.676575093168489,0.744532995441917,0.812576061990235,0.880713310678655,0.948951929531312,1.01729971627466,1.08576385421349,1.15435336876397,1.22307544431458,1.29193726049952,1.36094784986641,1.43011439334287,1.49944406626327,1.56894590956515,1.63862710008606
FS_F1S1:DV_D1064,4,1,B,0.0625,0.125,0.1875,0.25,0.3125,0.375,0.4375,0.5,0.5625,0.625,0.6875,0.75,0.8125,0.875,0.9375,1,1.0625,1.125,1.1875,1.25,1.3125,1.375,1.4375,1.5,,,FS_F1S1:DV_D1064,6.45108415466643,14.0964035265195,21.7351833757265,29.369982745623,37.0033606795445,44.6378762208265,52.2760884128047,59.9205562988145,67.5738394354817,75.2408307739138,82.9341273744459,90.6679140641412,98.456375670063,106.316798650164,114.298694642238,122.470680167672,130.901622333775,139.66360514709,148.879525162737,158.712811209376,169.327889036248,180.792891001818,192.909401854479,205.436532291304
FS_F1S1:DV_D1108,4,1,B,-0.0625,-0.125,-0.1875,-0.25,-0.3125,-0.375,-0.4375,-0.5,-0.5625,-0.625,-0.6875,-0.75,-0.8125,-0.875,-0.9375,-1,-1.0625,-1.125,-1.1875,-1.25,-1.3125,-1.375,-1.4375,-1.5,,,FS_F1S1:DV_D1108,-6.43684374236885,-14.0480226236049,-21.6527134313092,-29.253438776001,-36.8527212681993,-44.4530835184234,-52.0570481371924,-59.6671377350253,-67.2858749259835,-74.9183454553041,-82.5795469790954,-90.2868727883808,-98.0577161741836,-105.912273642173,-113.905451745022,-122.115601571518,-130.621515003531,-139.503299123599,-148.863497041871,-158.823451479307,-169.504981039533,-180.956214598788,-193.022564684981,-205.516524461801
FS_F1S1:Q_D1137,0.2,2,B2,0.24714,0.489573,0.73445,0.970436,1.182503,1.441398,1.655913,1.911727,2.134304,2.382766,2.599565,2.836564,3.086931,3.325699,3.559297,3.797569,4.037772,4.277436,4.519746,4.765387,5.007187,5.256324,5.507977,5.763663,,,FS_F1S1:Q_D1137,8.46640149330836,16.8058460952283,25.2054018524474,33.2251735361488,40.3889536441818,49.0967072049358,56.2836991766504,64.8266796966423,72.2426282738484,80.5108207098508,87.7224103003761,95.6091693584994,103.95213125258,111.9270432345,119.753867813518,127.769689987874,135.89186896614,144.045810713731,152.349097720734,160.837106390521,169.274052585173,178.064900113228,187.059203892853,196.331569245772
FS_F1S1:S_D1137,0.2,3,B3,0.214098,0.428196,0.642294,0.856392,1.07049,1.284587,1.498685,1.712783,1.926881,2.140979,2.355077,2.569175,2.783273,2.997371,3.211469,3.425567,3.639664,3.853762,4.06786,4.281958,4.496056,4.710154,4.924252,5.13835,,,FS_F1S1:S_D1137,1.64633700825736,3.30182000053575,4.97559496085621,6.67335998300864,8.3839006191062,10.0908172054579,11.7808347653841,13.4554425751114,15.1205398509321,16.7812996108649,18.4389395130203,20.0933384274337,21.7445141240202,23.3934534123692,25.0415531028599,26.6901819916274,28.3404247607798,29.9932380429574,31.6495711453174,33.3106089539292,34.9776969740646,36.6521631173951,38.3349783737541,40.0268149402629
FS_F1S1:OCT_D1137,0.2,4,B4,0.202439,0.404878,0.607317,0.809756,1.012195,1.214634,1.417073,1.619512,1.821951,2.02439,2.226829,2.429269,2.631708,2.834147,3.036586,3.239025,3.441464,3.643903,3.846342,4.048781,4.25122,4.453659,4.656098,4.858537,,,FS_F1S1:OCT_D1137,0.194954415464997,0.391470877010227,0.591111430715923,0.795438122662316,1.00601299892964,1.22439810559813,1.45215548874801,1.69084719442761,1.9412588098513,2.20110218381117,2.46732867196892,2.73689096476848,3.00673774218918,3.27382168573331,3.53562344285178,3.79216824677502,4.04424506270707,4.29264300220981,4.53815117684513,4.7815586981749,5.02365432302291,5.26503384860044,5.5057814139559,5.74589730691664
FS_F1S1:Q_D1148,0.2,2,B2,-0.287525,-0.568612,-0.853043,-1.125066,-1.415728,-1.670585,-1.956204,-2.219645,-2.49335,-2.76222,-3.04311,-3.321442,-3.578474,-3.85709,-4.134973,-4.411552,-4.691304,-4.975694,-5.264849,-5.548034,-5.851912,-6.14837,-6.444802,-6.769847,,,FS_F1S1:Q_D1148,-9.853246163074,-19.5242806027851,-29.2438105458546,-38.4516243384668,-48.2350371616786,-56.7744143773441,-66.3096102353783,-75.0833957915161,-84.1892803280462,-93.1344064700688,-102.490685578145,-111.784657144155,-120.397697278267,-129.778116269407,-139.192375658118,-148.63370369219,-158.268983729155,-168.170161137017,-178.367624708166,-188.502513450812,-199.566287479613,-210.574432532954,-221.821055238622,-234.49071204057
FS_F1S1:S_D1148,0.2,3,B3,-0.155395,-0.310791,-0.466186,-0.621582,-0.776977,-0.932372,-1.087768,-1.243163,-1.398558,-1.553954,-1.709349,-1.864745,-2.02014,-2.175535,-2.330931,-2.486326,-2.641721,-2.797117,-2.952512,-3.107908,-3.263303,-3.418698,-3.574094,-3.729489,,,FS_F1S1:S_D1148,-1.19440841021985,-2.39232161317256,-3.59722127525819,-4.81262001801114,-6.04124674602582,-7.2797887541129,-8.52200494299139,-9.76161123153844,-10.9927431258525,-12.2143703389743,-13.4286737137677,-14.6379248215873,-15.8443267469254,-17.049061472126,-18.2521505517191,-19.4535317792379,-20.6531672047896,-21.8511904667427,-23.04807472483,-24.2443700370392,-25.4405956556269,-26.6372681746456,-27.8347875916712,-29.0334977953444
FS_F1S1:OCT_D1148,0.2,4,B4,0.170834,0.341667,0.512501,0.683335,0.854169,1.025002,1.195836,1.36667,1.537504,1.708337,1.879171,2.050005,2.220839,2.391672,2.562506,2.73334,2.904174,3.075007,3.245841,3.416675,3.587509,3.758342,3.929176,4.10001,,,FS_F1S1:OCT_D1148,0.16445467343889,0.329847090147243,0.497117897852385,0.667204848066114,0.841046656789594,1.01958097937412,1.20374861740378,1.39448725645178,1.59273561251927,1.79936470215732,2.01388028196499,2.23449886507578,2.45938836006906,2.68671534126389,2.91465038757087,3.14136008222287,3.3650271020303,3.58469334109649,3.80072378392565,4.01359135191425,4.22377026388288,4.43173352685974,4.63795779204876,4.8429160549036
FS_F1S1:Q_D1170,0.2,2,B2,0.136639,0.273384,0.410111,0.565023,0.702921,0.872037,1.014988,1.165917,1.344029,1.497022,1.644762,1.794526,1.976861,2.129267,2.281019,2.44842,2.603372,2.75678,2.910981,3.056225,3.24111,3.397052,3.553384,3.709862,,,FS_F1S1:Q_D1170,4.67778073192059,9.36747384231917,14.0703470632039,19.4009437274686,24.128458670639,29.8889725149107,34.7327820139164,39.8297268030883,45.8263466895459,50.9626148866998,55.9106779875353,60.9159039817369,66.9981503533908,72.0749238201547,77.1257549382752,82.6947680214056,87.8490540588759,92.9533536114158,98.0873786136293,102.928014023594,109.099214468054,114.314861400686,119.555393286202,124.814789715708
FS_F1S1:S_D1170,0.2,3,B3,0,0,0,0,0,0,0,0,0,0,0,0,0,0,0,0,0,0,0,0,0,0,0,0,,,FS_F1S1:S_D1170,0,0,0,0,0,0,0,0,0,0,0,0,0,0,0,0,0,0,0,0,0,0,0,0
FS_F1S1:OCT_D1170,0.2,4,B4,0,0,0,0,0,0,0,0,0,0,0,0,0,0,0,0,0,0,0,0,0,0,0,0,,,FS_F1S1:OCT_D1170,0,0,0,0,0,0,0,0,0,0,0,0,0,0,0,0,0,0,0,0,0,0,0,0
FS_F1S2:Q_D1195,0.1937,2,B2,0.055787,0.111581,0.167381,0.223188,0.279002,0.334822,0.390648,0.44648,0.50232,0.558165,0.614016,0.669873,0.72574,0.781614,0.837487,0.893365,0.94925,1.00514,1.06104,1.116947,1.17286,1.22878,1.284705,1.340637,,,FS_F1S2:Q_D1195,1.66401776514352,3.32782457039238,4.99097056555241,6.65306522791002,8.31368789301017,9.97238788628287,11.6287440574332,13.2823349849179,14.9327980245937,16.5796224243997,18.2224155143566,19.8607547645461,21.4943341444929,23.1226420866214,24.7450229741115,26.3612287199867,27.9708933347956,29.5735351132218,31.1688724301398,32.7564063040466,34.3361363239679,35.9086689835286,37.4745614548716,39.034483562954
FS_F1S2:S_D1195,0.1937,3,B3,0.049524,0.099048,0.148572,0.198096,0.24762,0.297144,0.346668,0.396192,0.445716,0.49524,0.544764,0.594288,0.643812,0.693336,0.742861,0.792385,0.841909,0.891433,0.940957,0.990481,1.040005,1.089529,1.139053,1.188577,,,FS_F1S2:S_D1195,0.193749166055114,0.387517570001269,0.581324449729506,0.775189043130866,0.96913058809639,1.16316832251712,1.35732148428409,1.55160931128835,1.74605104142094,1.9406659125729,2.13547316263526,2.33049202949908,2.52574175105539,2.72124156519523,2.91701466567398,3.11307238467508,3.30943791032129,3.50613048050365,3.7031693331132,3.90057370604099,4.09836283717806,4.29655596441543,4.49517232564417,4.6942299855784
FS_F1S2:OCT_D1195,0.1937,4,B4,0.079713,0.159425,0.239138,0.318851,0.398563,0.478276,0.557988,0.637701,0.717414,0.797126,0.876839,0.956552,1.036264,1.115977,1.195689,1.275402,1.355115,1.434827,1.51454,1.594253,1.673965,1.753678,1.833391,1.913103,,,FS_F1S2:OCT_D1195,0.070469021713007,0.140936556790368,0.211403770676492,0.281869176724392,0.3523312883778,0.422791270945049,0.493246753985561,0.563698902641353,0.634146230397737,0.704587250981934,0.775023129173094,0.845452378626622,0.915873513330551,0.986287697565089,1.05669256203874,1.12708927062348,1.1974763374094,1.26785227697042,1.33821825245278,1.4085727782981,1.47891436952254,1.54924418841052,1.61956074982325,1.68986256928715
FS_F1S2:Q_D1207,0.1937,2,B2,0.217643,0.436346,0.655886,0.871891,1.0864,1.31365,1.529605,1.751527,1.973018,2.198937,2.415184,2.637944,2.870658,3.09301,3.317798,3.54222,3.76639,3.99773,4.225282,4.448774,4.684362,4.910142,5.142506,5.378324,,,FS_F1S2:Q_D1207,7.13060276311366,14.2867423125769,21.4517080679089,28.4740894554795,35.4122813993191,42.7185316947999,49.626492028076,56.698925416825,63.7402456458575,70.9141622410582,77.7809526119413,84.8592110921851,92.2633850652059,99.3514771975891,106.535151670796,113.730798520097,120.949818247438,128.441207974289,135.859502807352,143.201358386891,151.007243041773,158.557177541392,166.402752380719,174.44834687784
FS_F1S2:S_D1207,0.1937,3,B3,-0.006131,-0.012261,-0.018392,-0.024522,-0.030653,-0.036783,-0.042914,-0.049045,-0.055175,-0.061306,-0.067436,-0.073567,-0.079697,-0.085828,-0.091958,-0.098089,-0.10422,-0.11035,-0.116481,-0.122611,-0.128742,-0.134872,-0.141003,-0.147134,,,FS_F1S2:S_D1207,-0.0235098202275039,-0.0470158563581406,-0.0705258280647642,-0.0940321166166771,-0.11754244176909,-0.141049184676006,-0.164560065240876,-0.188071299280361,-0.211579102380519,-0.235091194790702,-0.258599957088415,-0.282113109835964,-0.30562303326496,-0.329137448316545,-0.352648734810551,-0.376164614132839,-0.399681301395929,-0.423195011185243,-0.446713465677277,-0.470229043374153,-0.4937494670618,-0.517267114599966,-0.540789709449893,-0.564313465715238
FS_F1S2:OCT_D1207,0.1937,4,B4,-0.004047,-0.008094,-0.012141,-0.016188,-0.020235,-0.024281,-0.028328,-0.032375,-0.036422,-0.040469,-0.044516,-0.048563,-0.05261,-0.056657,-0.060704,-0.064751,-0.068797,-0.072844,-0.076891,-0.080938,-0.084985,-0.089032,-0.093079,-0.097126,,,FS_F1S2:OCT_D1207,-0.00359984391527124,-0.00719968698231182,-0.0107995283528911,-0.0143993671787783,-0.0179992026117428,-0.0215981442980465,-0.025197970401836,-0.0287977905682205,-0.0323976039489692,-0.0359974096958515,-0.0395972069606367,-0.0431969948950942,-0.0467967726509932,-0.0503965393801031,-0.0539962942341933,-0.057596036365033,-0.0611948754453967,-0.0647945895887114,-0.0683942884642933,-0.0719939712239116,-0.0755936370193358,-0.0791932850023351,-0.082792914324679,-0.0863925241381366
FS_F1S2:Q_D1218,0.1937,2,B2,-0.221645,-0.441567,-0.662422,-0.879095,-1.091552,-1.308361,-1.52056,-1.770766,-1.996042,-2.219859,-2.435239,-2.657325,-2.883974,-3.10711,-3.333301,-3.557903,-3.781817,-3.998713,-4.227004,-4.454298,-4.680992,-4.932834,-5.149696,-5.392452,,,FS_F1S2:Q_D1218,-6.65853069886146,-13.234357302149,-19.7760814163809,-26.103612886876,-32.1926884372029,-38.2722984535403,-44.1208675091708,-50.9417414772775,-57.0640629445432,-63.1773618508515,-69.1277583909796,-75.3391378512538,-81.7492139395144,-88.1218597648268,-94.6360932196723,-101.151560565369,-107.697055385918,-114.093353637319,-120.894165940764,-127.74425490498,-134.66403696995,-142.465457652695,-149.288749991091,-157.052989446939
FS_F1S2:S_D1218,0.1937,3,B3,0.039997,0.079994,0.11999,0.159987,0.199984,0.239981,0.279978,0.319975,0.359971,0.399968,0.439965,0.479962,0.519959,0.559955,0.599952,0.639949,0.679946,0.719943,0.75994,0.799936,0.839933,0.87993,0.919927,0.959924,,,FS_F1S2:S_D1218,0.157907425414478,0.315822777228469,0.473750033001,0.631705016118943,0.78969170463676,0.947718024953963,1.10579190347007,1.26392126658458,1.4221100847223,1.58037419434952,1.73871756757551,1.89714813079979,2.05567381042186,2.21429856547158,2.37303825421427,2.53189683835511,2.69088224429363,2.85000239842933,3.00926522716172,3.168674669307,3.32824662236876,3.48798502902758,3.64789781568297,3.80799290873445
FS_F1S2:OCT_D1218,0.1937,4,B4,0.071157,0.142314,0.213471,0.284628,0.355785,0.426942,0.498099,0.569256,0.640413,0.71157,0.782727,0.853884,0.925041,0.996198,1.067355,1.138512,1.209668,1.280825,1.351982,1.423139,1.494296,1.565453,1.63661,1.707767,,,FS_F1S2:OCT_D1218,0.0613697822518907,0.122741322844755,0.184116380119567,0.2454967124173,0.306884078078927,0.368280235445423,0.429686942857761,0.491105958656914,0.552539041183857,0.613987948779564,0.675454439785006,0.73694027254116,0.798447205388997,0.859976996669492,0.921531404723619,0.983112187892351,1.04472023849407,1.1063590464825,1.16802950458374,1.22973337113877,1.29147240448856,1.35324836297409,1.41506300493633,1.47691808871626
FS_F1S2:DV_D1246,4,1,B,-0.0625,-0.125,-0.1875,-0.25,-0.3125,-0.375,-0.4375,-0.5,-0.5625,-0.625,-0.6875,-0.75,-0.8125,-0.875,-0.9375,-1,-1.0625,-1.125,-1.1875,-1.25,-1.3125,-1.375,-1.4375,-1.5,,,FS_F1S2:DV_D1246,0.149526945623674,-10.3246614795781,-20.1284590764243,-29.3741186523378,-38.1738930147412,-46.6400349710573,-54.884797328709,-63.0204328951191,-71.1591944777102,-79.4133039922135,-87.8636748620466,-96.5009746427734,-105.299708008211,-114.234379632177,-123.286472411095,-132.537389398427,-142.143216483852,-152.26183583505,-163.047391564847,-174.58636193202,-186.906395920248,-200.033408395778,-214.013413115236,-228.928077077125
FS_F1S2:Q_D1288,0.1937,2,B2,0.072883,0.143259,0.207678,0.301042,0.382516,0.409944,0.493845,0.584209,0.658146,0.697312,0.789483,0.853469,0.9113,0.984321,1.048144,1.113818,1.186166,1.247478,1.314809,1.403957,1.442461,1.501142,1.572734,1.651019,,,FS_F1S2:Q_D1288,2.0452499800502,4.02021294241294,5.82811371374615,8.44863262245086,10.7358025246471,11.5058689619808,13.8618235792378,16.399955688885,18.4773142631098,19.5779902155733,22.1690278814663,23.9684451970841,25.5953052819645,27.6502589923681,29.4471259394588,31.2968998000246,33.3356391965577,35.0641743318871,36.9631518562225,39.4785186976102,40.5652664306157,42.2218330502752,44.2433570685062,46.4543597879577
FS_F1S2:S_D1288,0.1937,3,B3,-0.101109,-0.202219,-0.303328,-0.404437,-0.505547,-0.606656,-0.707765,-0.808875,-0.909984,-1.011093,-1.112203,-1.213312,-1.314421,-1.415531,-1.51664,-1.617749,-1.718859,-1.819968,-1.921077,-2.022186,-2.123296,-2.224405,-2.325514,-2.426624,,,FS_F1S2:S_D1288,-0.400366796958928,-0.800616800618962,-1.20062134200115,-1.600263629598,-1.99942685757077,-2.39798237843739,-2.79581339173335,-3.19280306833158,-3.58882280374383,-3.98375577780007,-4.3774851273365,-4.76988952160808,-5.16106564440056,-5.55134184460026,-5.94104720488964,-6.33052238884015,-6.72010805091718,-7.11013328746232,-7.50093875022084,-7.89286123893317,-8.28624145225575,-8.68140841147227,-9.07870279919485,-9.47843119907425
FS_F1S2:OCT_D1288,0.1937,4,B4,-0.070466,-0.140932,-0.211399,-0.281865,-0.352331,-0.422797,-0.493263,-0.56373,-0.634196,-0.704662,-0.775128,-0.845594,-0.91606,-0.986527,-1.056993,-1.127459,-1.197925,-1.268391,-1.338858,-1.409324,-1.47979,-1.550256,-1.620722,-1.691189,,,FS_F1S2:OCT_D1288,-0.0585623625472475,-0.117130872086183,-0.175712507059119,-0.234311751861813,-0.292935584718494,-0.35159015262085,-0.410281602560568,-0.469016915378894,-0.527800571109889,-0.586639549940545,-0.64553999886255,-0.704508064867593,-0.763549894947361,-0.822672475700535,-0.881880276169708,-0.941180281775904,-1.00057863951081,-1.06008149636612,-1.11969584613731,-1.17942614390954,-1.23927938186447,-1.29926170699378,-1.35937926628918,-1.41963906292377
FS_F1S2:Q_D1299,0.1937,2,B2,-0.103388,-0.206684,-0.306227,-0.426007,-0.554221,-0.627642,-0.764742,-0.891312,-0.986332,-1.0778,-1.209042,-1.313643,-1.419432,-1.530467,-1.635891,-1.745817,-1.859195,-1.962604,-2.070854,-2.207944,-2.297848,-2.384126,-2.51348,-2.629289,,,FS_F1S2:Q_D1299,-3.29142997244306,-6.58027217245825,-9.75026378158937,-13.5659827446623,-17.6524834593979,-19.9938208222656,-24.3687259532283,-28.4115425180578,-31.4494763745701,-34.3764450824984,-38.5808903378074,-41.9353754452213,-45.3305070956979,-48.8961309485686,-52.2829948586258,-55.8153424041023,-59.4588535855919,-62.7816189494664,-66.258943083181,-70.6602979552695,-73.544951444946,-76.312050979372,-80.4587321961046,-84.1695229731067
FS_F1S2:S_D1299,0.1937,3,B3,0.08059,0.161181,0.241771,0.322362,0.402952,0.483543,0.564133,0.644724,0.725314,0.805905,0.886495,0.967086,1.047676,1.128267,1.208857,1.289448,1.370038,1.450629,1.531219,1.61181,1.6924,1.772991,1.853581,1.934172,,,FS_F1S2:S_D1299,0.316876537893474,0.633812289784683,0.950854671737899,1.26806683405379,1.58549618593704,1.90320588729174,2.22124333497531,2.53967170398295,2.85853837333714,3.17790653861185,3.49782355550695,3.81835264566286,4.13954106502066,4.46141945276782,4.78391846753453,5.1069713799509,5.43049544133705,5.75442394776166,6.07867412881551,6.40317929858737,6.72785667235717,7.05263957481532,7.37744521434932,7.70220691883277
FS_F1S2:OCT_D1299,0.1937,4,B4,0.070335,0.14067,0.211005,0.28134,0.351675,0.422009,0.492344,0.562679,0.633014,0.703349,0.773684,0.844019,0.914354,0.984689,1.055024,1.125358,1.195693,1.266028,1.336363,1.406698,1.477033,1.547368,1.617703,1.688038,,,FS_F1S2:OCT_D1299,0.061512692645552,0.12302717276829,0.184545227845398,0.246068645354063,0.307599212771471,0.369137842554273,0.430688072055532,0.492250813871676,0.553827855479891,0.615420984357363,0.677031987981276,0.738662653828816,0.800314769377169,0.861990122103521,0.923690499485057,0.985416811182922,1.04717259988706,1.10895877565252,1.17077712595649,1.23262943827616,1.29451750008872,1.35644309887134,1.41840802210122,1.48041405725554
FS_F1S2:Q_D1311,0.1937,2,B2,0.07525,0.146633,0.220777,0.284732,0.382386,0.435104,0.541999,0.613488,0.655326,0.740468,0.815179,0.884146,0.962954,1.03423,1.104988,1.184662,1.255322,1.335216,1.407781,1.512472,1.562328,1.61253,1.715999,1.788351,,,FS_F1S2:Q_D1311,2.22296123424868,4.33094102479556,6.51891978647858,8.40437166597754,11.2787978277133,12.8277338035648,15.9610193916168,18.0499727124906,19.2697461551917,21.7450529253962,23.9086169698758,25.8980707236102,28.1614389218084,30.1985827107747,32.2109025710366,34.4644534328612,36.4530100298337,38.6914135716945,40.7164584758328,43.6268918410046,45.009122907452,46.3989830572072,49.2589125779882,51.2564310766108
FS_F1S2:S_D1311,0.1937,3,B3,-0.092676,-0.185351,-0.278027,-0.370703,-0.463378,-0.556054,-0.64873,-0.741405,-0.834081,-0.926757,-1.019432,-1.112108,-1.204784,-1.297459,-1.390135,-1.482811,-1.575486,-1.668162,-1.760838,-1.853513,-1.946189,-2.038865,-2.13154,-2.224216,,,FS_F1S2:S_D1311,-0.358633747980397,-0.717357474713463,-1.07627277126565,-1.43546961790864,-1.7950379827621,-2.15507947512047,-2.51568406766042,-2.87694170875468,-3.2389540441536,-3.6018110298249,-3.96560258528036,-4.33043041095421,-4.69638378334782,-5.06348063101131,-5.43161629884702,-5.800659347564,-6.17047829870784,-6.54095365019898,-6.91195393131052,-7.28334764865909,-7.65501533414981,-8.02682549800007,-8.39864664427773,-8.77035931411219
FS_F1S2:OCT_D1311,0.1937,4,B4,-0.071569,-0.143138,-0.214707,-0.286276,-0.357845,-0.429414,-0.500982,-0.572551,-0.64412,-0.715689,-0.787258,-0.858827,-0.930396,-1.001965,-1.073534,-1.145103,-1.216672,-1.288241,-1.359809,-1.431378,-1.502947,-1.574516,-1.646085,-1.717654,,,FS_F1S2:OCT_D1311,-0.0654052958755052,-0.130808035946358,-0.196205664407905,-0.261595625455493,-0.32697536328447,-0.392342322090183,-0.457693033059488,-0.523026766672547,-0.588340053884095,-0.653630338889479,-0.718895065884046,-0.784131679063143,-0.849337622622118,-0.914510340756317,-0.979647277661088,-1.04474587753178,-1.10980358456373,-1.1748178429523,-1.23978518945525,-1.30470488383946,-1.36957346220203,-1.43438836873831,-1.49914704764365,-1.5638469431134
FS_F1S2:Q_D1338,0.1937,2,B2,0.079918,0.163522,0.247734,0.323368,0.378526,0.506874,0.543722,0.608358,0.716643,0.805369,0.867943,0.954511,1.033626,1.112944,1.199215,1.276182,1.355819,1.437143,1.51977,1.564534,1.678848,1.801186,1.858308,1.938532,,,FS_F1S2:Q_D1338,2.3451395045831,4.7970508200393,7.26389143585486,9.475741787283,11.0859252869702,14.8207839041561,15.8894042675702,17.7593486592988,20.877446768713,23.4167695039202,25.1981670682322,27.6484575603885,29.8721410018629,32.0852381542866,34.4729836233074,36.5875145212646,38.7616125225293,40.9691498804047,43.2009655299672,44.4061134470051,47.4736916661996,50.7455009415777,52.2710386092166,54.412963275143
FS_F1S2:S_D1338,0.1937,3,B3,0.056073,0.112146,0.168219,0.224292,0.280364,0.336437,0.39251,0.448583,0.504656,0.560729,0.616802,0.672875,0.728948,0.78502,0.841093,0.897166,0.953239,1.009312,1.065385,1.121458,1.177531,1.233604,1.289676,1.345749,,,FS_F1S2:S_D1338,0.217255317803928,0.434522078664534,0.651811725638498,0.869135701782497,1.08650157312776,1.30392853565946,1.52142415632716,1.73899987818753,1.95666714429726,2.17443739771302,2.3923220814915,2.61033263868936,2.8284805123633,3.04677325109624,3.26523008393328,3.48385856221235,3.70267012899013,3.9216762273233,4.14088830026853,4.36031779088251,4.57997614222192,4.79987270894733,5.02000313404779,5.24037197758831
FS_F1S2:OCT_D1338,0.1937,4,B4,0.079005,0.158009,0.237014,0.316018,0.395023,0.474027,0.553032,0.632036,0.711041,0.790045,0.86905,0.948054,1.027059,1.106063,1.185068,1.264073,1.343077,1.422082,1.501086,1.580091,1.659095,1.7381,1.817104,1.896109,,,FS_F1S2:OCT_D1338,0.0676929891621395,0.135387169243023,0.203086301696307,0.270790720457528,0.338504187239536,0.406227035614996,0.473963027763308,0.54171249668691,0.609479205239105,0.67726348564475,0.745069101638408,0.81289638446,0.8807490989327,0.94862757510414,1.01653557909346,1.08447429968107,1.15244492409218,1.22045122077869,1.28849351590032,1.35657557972333,1.42469773648939,1.49286375848646,1.56107396783085,1.62933213903957
FS_F1S2:Q_D1349,0.1937,2,B2,-0.045036,-0.087312,-0.13192,-0.161895,-0.190149,-0.259239,-0.270952,-0.28503,-0.336141,-0.391452,-0.403468,-0.441972,-0.479761,-0.513924,-0.55585,-0.592438,-0.625225,-0.668124,-0.706608,-0.723097,-0.771539,-0.829513,-0.849019,-0.885597,,,FS_F1S2:Q_D1349,-1.44793876539665,-2.80712063066807,-4.24123278096067,-5.2048688901827,-6.11314411153794,-8.33398884408838,-8.71046491414184,-9.16294346245996,-10.8055655786223,-12.5829127176326,-12.9689919767525,-14.2060387741777,-15.4199501696069,-16.5172305544801,-17.8636382386774,-19.0384168397584,-20.0909785527398,-21.4679030773988,-22.7028508536385,-23.2318995858838,-24.7858613925301,-26.6449827170277,-27.2703458511571,-28.4428121037458
FS_F1S2:S_D1349,0.1937,3,B3,-0.060068,-0.120136,-0.180204,-0.240272,-0.30034,-0.360408,-0.420476,-0.480544,-0.540612,-0.60068,-0.660748,-0.720816,-0.780884,-0.840952,-0.90102,-0.961088,-1.021156,-1.081224,-1.141292,-1.20136,-1.261428,-1.321496,-1.381564,-1.441632,,,FS_F1S2:S_D1349,-0.233449267610186,-0.466924385250142,-0.700451202949637,-0.93405557073844,-1.16776333864632,-1.40160035670305,-1.63559247493839,-1.86976554338212,-2.10414541206401,-2.33875793101382,-2.57362895026132,-2.80878431983629,-3.04424988976849,-3.2800515100877,-3.51621503082367,-3.75276630200619,-3.98973117366502,-4.22713546354731,-4.46499022753172,-4.70326842652967,-4.94193695903929,-5.18096272355867,-5.42031261858592,-5.65995354261915
FS_F1S2:OCT_D1349,0.1937,4,B4,-0.07923,-0.158461,-0.237691,-0.316922,-0.396152,-0.475382,-0.554613,-0.633843,-0.713073,-0.792304,-0.871534,-0.950765,-1.029995,-1.109225,-1.188456,-1.267686,-1.346916,-1.426147,-1.505377,-1.584608,-1.663838,-1.743068,-1.822299,-1.901529,,,FS_F1S2:OCT_D1349,-0.0676003699358432,-0.135206662583148,-0.202822240810915,-0.270453880952673,-0.338104945237587,-0.405781356537076,-0.473489039002236,-0.541231352942719,-0.609014222093729,-0.676843572237939,-0.744722760613792,-0.812658570209115,-0.880654355575031,-0.94871604316605,-1.01684956276383,-1.08505826392876,-1.15334807551474,-1.22172493047062,-1.29019217221436,-1.35875659857801,-1.42742154824474,-1.49619295534709,-1.56507675939224,-1.63407629100143
FS_F1S2:Q_D1361,0.1937,2,B2,-0.006801,-0.016163,-0.025212,-0.032696,-0.034572,-0.044264,-0.043382,-0.057395,-0.065721,-0.070455,-0.07905,-0.086211,-0.091079,-0.097893,-0.106662,-0.112902,-0.117924,-0.126565,-0.132647,-0.138873,-0.145016,-0.154363,-0.159774,-0.16616,,,FS_F1S2:Q_D1361,-0.195065957757833,-0.463586579251078,-0.723130168133935,-0.93778688232541,-0.991594557201155,-1.26958241751266,-1.24428466888106,-1.64621051567478,-1.88502144537794,-2.02080528067691,-2.26733427087499,-2.47273347878159,-2.61236328337857,-2.80781174882359,-3.05933833470645,-3.23832564099294,-3.38237701171775,-3.63023824323517,-3.80469807983224,-3.98329011501059,-4.15950297989216,-4.42762641619335,-4.58284563570036,-4.76603548853633
FS_F1S2:S_D1361,0.1937,3,B3,0.037563,0.075127,0.11269,0.150254,0.187817,0.225381,0.262944,0.300508,0.338071,0.375634,0.413198,0.450761,0.488325,0.525888,0.563452,0.601015,0.638578,0.676142,0.713705,0.751269,0.788832,0.826396,0.863959,0.901523,,,FS_F1S2:S_D1361,0.144467803566837,0.28894594927931,0.43343324072387,0.577943867154868,0.722476630429403,0.867045722222923,1.01164994127969,1.15630348307972,1.30100514187097,1.44576526369012,1.5905942007995,1.73549073810857,1.88046908666152,2.02552802341278,2.17068176805329,2.31592908819898,2.46128034259727,2.60674590106343,2.7523245146116,2.89803043060237,3.04386238725267,3.18983464541205,3.33594592911674,3.48221051408873
FS_F1S2:OCT_D1361,0.1937,4,B4,0.074702,0.149404,0.224106,0.298808,0.373509,0.448211,0.522913,0.597615,0.672317,0.747019,0.821721,0.896423,0.971125,1.045827,1.120528,1.19523,1.269932,1.344634,1.419336,1.494038,1.56874,1.643442,1.718144,1.792846,,,FS_F1S2:OCT_D1361,0.0636847271568521,0.127372713855758,0.191067219638773,0.254771504047951,0.318487973570166,0.382221593617846,0.445974770874218,0.509750764881336,0.573552835181255,0.637384241316028,0.701248242827711,0.765148099258356,0.82908707015002,0.893068415044755,0.957094536066054,1.02117040691677,1.08529843035309,1.14948186591706,1.21372397315074,1.27802801159619,1.34239724079545,1.40683492029059,1.47134430962365,1.5359286683367
FS_F1S2:DV_D1402,4,1,B,0.0625,0.125,0.1875,0.25,0.3125,0.375,0.4375,0.5,0.5625,0.625,0.6875,0.75,0.8125,0.875,0.9375,1,1.0625,1.125,1.1875,1.25,1.3125,1.375,1.4375,1.5,,,FS_F1S2:DV_D1402,-0.149526945623674,10.3246614795781,20.1284590764243,29.3741186523378,38.1738930147412,46.6400349710573,54.884797328709,63.0204328951191,71.1591944777102,79.4133039922135,87.8636748620466,96.5009746427734,105.299708008211,114.234379632177,123.286472411095,132.537389398427,142.143216483852,152.26183583505,163.047391564847,174.58636193202,186.906395920248,200.033408395778,214.013413115236,228.928077077125
FS_F1S2:Q_D1430,0.0635,2,B2,0.002498,0.004996,0.007494,0.009992,0.01249,0.014988,0.017486,0.019984,0.022482,0.02498,0.027478,0.029976,0.032474,0.034972,0.03747,0.039968,0.042466,0.044964,0.047462,0.04996,0.052458,0.054956,0.057454,0.059952,,,FS_F1S2:Q_D1430,0.00110705802097203,0.00221411604269419,0.00332117406591659,0.00442823209138936,0.00553529011986261,0.00664234815208648,0.00774940618881108,0.00885646423078653,0.00996352227876296,0.0110705803334905,0.0121776383957192,0.0132846964661993,0.0143917545456809,0.0154988126349141,0.0166058707346489,0.0177129288456356,0.0188199869686243,0.019927045104365,0.0210341032536079,0.0221411614171032,0.0232482195956008,0.0243552777898511,0.025462336000604,0.0265693942286098
FS_F1S2:Q_D1436,0.0635,2,B2,-0.104368,-0.208737,-0.313105,-0.417474,-0.521842,-0.62621,-0.730579,-0.834947,-0.939315,-1.043684,-1.148052,-1.252421,-1.356789,-1.461157,-1.565526,-1.669894,-1.774262,-1.878631,-1.982999,-2.087368,-2.191736,-2.296104,-2.400473,-2.504841,,,FS_F1S2:Q_D1436,-0.0462535845864038,-0.0925076670603554,-0.138761415774316,-0.185015771796991,-0.231269903475601,-0.277524308699002,-0.323779485366538,-0.370034601809702,-0.416290155924429,-0.462546645623427,-0.50880323921303,-0.555060877816458,-0.601318729718029,-0.647577292835954,-0.693837065115706,-0.740097214800713,-0.786358239828845,-0.832620638171522,-0.878883578021849,-0.925148000624662,-0.971413074134276,-1.01767929653181,-1.06394716584241,-1.11021585015434
FS_F1S2:Q_D1446,0.0635,2,B2,0.697296,1.394593,2.091889,2.789186,3.486482,4.183779,4.881075,5.578371,6.275668,6.972964,7.670261,8.367557,9.064853,9.76215,10.459446,11.156743,11.854039,12.551336,13.248632,13.945928,14.643225,15.340521,16.037818,16.735114,,,FS_F1S2:Q_D1446,0.309028792026529,0.618074342996737,0.927152082239155,1.23627900512832,1.5454575145682,1.85467168028137,2.16390204077452,2.47313498621375,2.78241092493625,3.09180448990389,3.40139271378051,3.71122169128696,4.02121933133458,4.33128292979861,4.64131005359138,4.95129753837888,5.26139223365562,5.57175590521359,5.8825384894962,6.19377724997037,6.50543721482697,6.8174809308209,7.13009172102277,7.44424933800941
FS_F1S2:Q_D1452,0.0635,2,B2,-0.654274,-1.308549,-1.962823,-2.617097,-3.271372,-3.925646,-4.57992,-5.234195,-5.888469,-6.542743,-7.197018,-7.851292,-8.505566,-9.159841,-9.814115,-10.468389,-11.122664,-11.776938,-12.431212,-13.085487,-13.739761,-14.394035,-15.04831,-15.702584,,,FS_F1S2:Q_D1452,-0.28996192593223,-0.579937773338943,-0.869940134089266,-1.15998292640779,-1.45007390318989,-1.7402004831798,-2.03034776544376,-2.32050092083429,-2.61066473805003,-2.90089527928564,-3.19125589111425,-3.48180811319196,-3.77256638415412,-4.06345561819635,-4.35438971579987,-4.64528570995572,-4.93614632352259,-5.22709435089249,-5.51826313459951,-5.80978322588111,-6.10170895004413,-6.39401463122753,-6.68667051078684,-6.97967878063101
